{"_timestamp":1.7678693207571542e+09,"_wandb":{"runtime":1},"_runtime":1.5958649,"_step":0,"train_loss":2.2980458736419678,"train_accuracy":0.125,"epoch":0,"iter":0}