{"train_accuracy":0.25,"_timestamp":1.767869149067197e+09,"_wandb":{"runtime":1},"_runtime":1,"_step":0,"train_loss":2.2936253547668457}