{"_wandb":{"runtime":28},"gradients":{"_type":"histogram","values":[1,1,1,0,0,1,0,0,0,1,0,0,1,2,1,1,2,1,2,0,1,0,1,0,1,0,0,2,0,3,3,13,53,613,29808,865547,713,80,19,6,4,2,3,1,0,3,0,1,1,0,1,1,1,3,0,1,2,0,2,0,0,1,0,1],"bins":[-0.5521966218948364,-0.5364417433738708,-0.5206868648529053,-0.5049319863319397,-0.4891771078109741,-0.47342222929000854,-0.4576673209667206,-0.441912442445755,-0.42615756392478943,-0.41040268540382385,-0.3946478068828583,-0.3788928985595703,-0.36313802003860474,-0.34738314151763916,-0.3316282629966736,-0.315873384475708,-0.30011850595474243,-0.28436362743377686,-0.2686087489128113,-0.2528538703918457,-0.23709899187088013,-0.22134408354759216,-0.2055892050266266,-0.189834326505661,-0.17407944798469543,-0.15832456946372986,-0.14256969094276428,-0.1268148124217987,-0.11105990409851074,-0.09530502557754517,-0.07955014705657959,-0.06379526853561401,-0.04804039001464844,-0.03228551149368286,-0.016530632972717285,-0.000775754451751709,0.014979124069213867,0.030734002590179443,0.04648888111114502,0.062243759632110596,0.07799863815307617,0.09375357627868652,0.1095084547996521,0.12526333332061768,0.14101821184158325,0.15677309036254883,0.1725279688835144,0.18828284740447998,0.20403772592544556,0.21979260444641113,0.2355474829673767,0.2513023614883423,0.26705724000930786,0.28281211853027344,0.298566997051239,0.3143218755722046,0.33007681369781494,0.3458316922187805,0.3615865707397461,0.37734144926071167,0.39309632778167725,0.4088512063026428,0.4246060848236084,0.440360963344574,0.45611584186553955]},"_step":938,"train_loss":0.023589611053466797,"roc_curves":{"format":"png","width":1000,"height":800,"_type":"image-file","sha256":"ae1eea8492577106c29dc8db0f94611d061c518ee3024b0ed2cb5a3e5f843a04","size":73782,"path":"media/images/roc_curves_937_ae1eea8492577106c29d.png"},"_runtime":28,"final_accuracy":0.9066333333333333,"final_precision":0.9069342013656652,"final_recall":0.9066333333333333,"epoch":0,"final_f1":0.9066550053939538,"_timestamp":1.7682177323871715e+09,"iter":937,"train_accuracy":1}