{"epoch":4,"final_f1":0.9854658232241441,"train_accuracy":1,"_runtime":100,"gradients":{"bins":[-0.16339758038520813,-0.15827524662017822,-0.1531529277563095,-0.1480305939912796,-0.1429082602262497,-0.13778594136238098,-0.13266360759735107,-0.12754127383232117,-0.12241895496845245,-0.11729662120342255,-0.11217429488897324,-0.10705196857452393,-0.10192963480949402,-0.09680730849504471,-0.0916849821805954,-0.08656264841556549,-0.08144032210111618,-0.07631799578666687,-0.07119566202163696,-0.06607333570718765,-0.06095100939273834,-0.055828675627708435,-0.050706349313259125,-0.045584022998809814,-0.04046168923377991,-0.035339370369911194,-0.030217036604881287,-0.02509470283985138,-0.019972383975982666,-0.014850050210952759,-0.009727716445922852,-0.004605397582054138,0.000516936182975769,0.005639269948005676,0.01076158881187439,0.015883922576904297,0.021006256341934204,0.026128575205802917,0.031250908970832825,0.03637324273586273,0.041495561599731445,0.04661789536476135,0.05174022912979126,0.05686254799365997,0.06198488175868988,0.06710721552371979,0.0722295343875885,0.07735186815261841,0.08247420191764832,0.08759653568267822,0.09271883964538574,0.09784117341041565,0.10296350717544556,0.10808584094047546,0.11320817470550537,0.11833050847053528,0.1234528124332428,0.1285751461982727,0.1336974799633026,0.13881981372833252,0.14394214749336243,0.14906448125839233,0.15418678522109985,0.15930911898612976,0.16443145275115967],"_type":"histogram","values":[1,0,1,0,0,2,0,2,2,0,0,2,0,0,2,1,2,0,0,1,5,1,0,1,1,1,3,7,9,40,275,884166,12127,209,10,5,2,2,2,1,1,0,2,4,0,1,0,2,1,1,1,0,1,0,0,2,2,0,2,0,1,0,1,1]},"roc_curves":{"width":1000,"height":800,"_type":"image-file","sha256":"4c7ded43d3c20a421d64472f9e5fef3d8cde4b3451b4f003bc5f071fd627dac4","size":51992,"path":"media/images/roc_curves_2344_4c7ded43d3c20a421d64.png","format":"png"},"final_precision":0.9854671346895831,"final_recall":0.9854666666666667,"_step":2345,"iter":468,"_timestamp":1.7678695273708737e+09,"_wandb":{"runtime":100},"final_accuracy":0.9854666666666667,"train_loss":0.010292663238942623}